region,method,slope_pct,slope_pct_std,cont_change,n_runs
A,random,9.324115034414358,,-0.5115044247787611,5
A,greedy,-0.5610875002398688,,0.14690265486725673,1
A,ga,1.6522852928337062,,-0.021592920353982324,5
B,random,5.598162956535717,,-0.21481481481481488,5
B,greedy,-4.297472989950311,,0.03503503503503502,1
B,ga,-1.4364085664349866,,-0.010210210210210314,5
C,random,3.7937973828980533,,-0.13839427662957055,5
C,greedy,-1.8790750781830197,,0.09101748807631171,1
C,ga,-0.24263607289333286,,0.021701112877583917,5
