region,local_point,lambda_cont,slope_change_pct,cont_change,completed_pairs
A,slope-optimal,0.0,-9.655706800034755,-0.5486725663716814,100
A,first non-negative contiguity,1.0,-0.9104666767963154,0.2495575221238937,100
A,max-contiguity,8.0,5.584671473035741,0.4053097345132745,100
B,slope-optimal,0.0,-7.642825734248495,-0.1741741741741744,100
B,first non-negative contiguity,0.5,-6.185627141347066,0.005005005005005,100
B,max-contiguity,8.0,3.6984320354864777,0.2512512512512512,100
C,slope-optimal,0.0,-5.871171042092735,-0.1613672496025433,100
C,first non-negative contiguity,1.0,-2.831257627686839,0.1073131955484898,100
C,max-contiguity,8.0,1.5392913117977398,0.2042925278219396,100
