region,code,method,seed,source,model_path,budget_pairs,requested_steps,total_steps,completed_pairs,init_slope,final_slope,slope_change,slope_change_pct,init_cont,final_cont,cont_change,farmland_change,inference_time_s,status,model_load_time_s
A,999001,lagrangian,0,main_sweep_AW_eval,G:\我的云端硬盘\paper2_v2_results\main_sweep\township_999001\lagrangian\model_seed0.zip,25,50,50,25,8.598345587000752,8.693908380847146,0.0955627938463941,1.1114090830551044,3.736283185840708,3.847787610619469,0.1115044247787611,0,0.07803893089294434,ok,1.5567877292633057
A,999001,lagrangian,0,main_sweep_AW_eval,G:\我的云端硬盘\paper2_v2_results\main_sweep\township_999001\lagrangian\model_seed0.zip,50,100,100,50,8.598345587000752,8.61015515483014,0.011809567829388357,0.13734697808892946,3.736283185840708,3.8460176991150443,0.10973451327433636,0,0.14063358306884766,ok,1.5567877292633057
A,999001,lagrangian,0,main_sweep_AW_eval,G:\我的云端硬盘\paper2_v2_results\main_sweep\township_999001\lagrangian\model_seed0.zip,100,200,200,100,8.598345587000752,8.633694587512606,0.035349000511853745,0.4111139771503889,3.736283185840708,3.838938053097345,0.10265486725663697,0,0.31201744079589844,ok,1.5567877292633057
A,999001,lagrangian,0,main_sweep_AW_eval,G:\我的云端硬盘\paper2_v2_results\main_sweep\township_999001\lagrangian\model_seed0.zip,200,400,400,200,8.598345587000752,8.904281909637186,0.305936322636434,3.5580835817876184,3.736283185840708,3.679646017699115,-0.05663716814159292,0,0.6829142570495605,ok,1.5567877292633057
A,999001,lagrangian,1,main_sweep_AW_eval,G:\我的云端硬盘\paper2_v2_results\main_sweep\township_999001\lagrangian\model_seed1.zip,25,50,50,25,8.598345587000752,8.583611877756399,-0.014733709244353577,-0.1713551647264383,3.736283185840708,3.8584070796460175,0.12212389380530952,0,0.08229827880859375,ok,0.11422061920166016
A,999001,lagrangian,1,main_sweep_AW_eval,G:\我的云端硬盘\paper2_v2_results\main_sweep\township_999001\lagrangian\model_seed1.zip,50,100,100,50,8.598345587000752,8.513146687317718,-0.08519889968303396,-0.9908754983265655,3.736283185840708,3.9026548672566372,0.16637168141592928,0,0.17704439163208008,ok,0.11422061920166016
A,999001,lagrangian,1,main_sweep_AW_eval,G:\我的云端硬盘\paper2_v2_results\main_sweep\township_999001\lagrangian\model_seed1.zip,100,200,200,100,8.598345587000752,8.564794113386066,-0.033551473614686245,-0.39020847993607527,3.736283185840708,3.879646017699115,0.14336283185840726,0,0.33931851387023926,ok,0.11422061920166016
A,999001,lagrangian,1,main_sweep_AW_eval,G:\我的云端硬盘\paper2_v2_results\main_sweep\township_999001\lagrangian\model_seed1.zip,200,400,400,200,8.598345587000752,8.797303402663093,0.19895781566234128,2.313908107661222,3.736283185840708,3.669026548672566,-0.06725663716814179,0,0.7138004302978516,ok,0.11422061920166016
A,999001,lagrangian,2,main_sweep_AW_eval,G:\我的云端硬盘\paper2_v2_results\main_sweep\township_999001\lagrangian\model_seed2.zip,25,50,50,25,8.598345587000752,8.625203361718087,0.026857774717335303,0.3123597957953647,3.736283185840708,3.8619469026548674,0.12566371681415944,0,0.0955500602722168,ok,0.06975317001342773
A,999001,lagrangian,2,main_sweep_AW_eval,G:\我的云端硬盘\paper2_v2_results\main_sweep\township_999001\lagrangian\model_seed2.zip,50,100,100,50,8.598345587000752,8.58901480296357,-0.009330784037182127,-0.10851836487345541,3.736283185840708,3.897345132743363,0.16106194690265507,0,0.20905542373657227,ok,0.06975317001342773
A,999001,lagrangian,2,main_sweep_AW_eval,G:\我的云端硬盘\paper2_v2_results\main_sweep\township_999001\lagrangian\model_seed2.zip,100,200,200,100,8.598345587000752,8.595859480103472,-0.002486106897279683,-0.02891378198427215,3.736283185840708,3.8849557522123894,0.14867256637168147,0,0.3995652198791504,ok,0.06975317001342773
A,999001,lagrangian,2,main_sweep_AW_eval,G:\我的云端硬盘\paper2_v2_results\main_sweep\township_999001\lagrangian\model_seed2.zip,200,400,400,200,8.598345587000752,8.84234261447098,0.24399702747022722,2.83772064057427,3.736283185840708,3.6920353982300886,-0.044247787610619316,0,0.785630464553833,ok,0.06975317001342773
A,999001,lagrangian,3,main_sweep_AW_eval,G:\我的云端硬盘\paper2_v2_results\main_sweep\township_999001\lagrangian\model_seed3.zip,25,50,50,25,8.598345587000752,8.55311511847602,-0.045230468524732004,-0.5260368761301342,3.736283185840708,3.8460176991150443,0.10973451327433636,0,0.09327316284179688,ok,0.06676554679870605
A,999001,lagrangian,3,main_sweep_AW_eval,G:\我的云端硬盘\paper2_v2_results\main_sweep\township_999001\lagrangian\model_seed3.zip,50,100,100,50,8.598345587000752,8.543369610757763,-0.05497597624298933,-0.6393785372630723,3.736283185840708,3.9079646017699115,0.1716814159292035,0,0.19515013694763184,ok,0.06676554679870605
A,999001,lagrangian,3,main_sweep_AW_eval,G:\我的云端硬盘\paper2_v2_results\main_sweep\township_999001\lagrangian\model_seed3.zip,100,200,200,100,8.598345587000752,8.587030396440612,-0.011315190560139854,-0.1315972991042197,3.736283185840708,3.897345132743363,0.16106194690265507,0,0.41386938095092773,ok,0.06676554679870605
A,999001,lagrangian,3,main_sweep_AW_eval,G:\我的云端硬盘\paper2_v2_results\main_sweep\township_999001\lagrangian\model_seed3.zip,200,400,400,200,8.598345587000752,8.943915414536622,0.3455698275358703,4.0190269632603925,3.736283185840708,3.7238938053097344,-0.012389380530973604,0,1.0335023403167725,ok,0.06676554679870605
A,999001,lagrangian,4,main_sweep_AW_eval,G:\我的云端硬盘\paper2_v2_results\main_sweep\township_999001\lagrangian\model_seed4.zip,25,50,50,25,8.598345587000752,8.696825805463304,0.0984802184625515,1.1453391523531804,3.736283185840708,3.75929203539823,0.023008849557522026,0,0.12038588523864746,ok,0.07540416717529297
A,999001,lagrangian,4,main_sweep_AW_eval,G:\我的云端硬盘\paper2_v2_results\main_sweep\township_999001\lagrangian\model_seed4.zip,50,100,100,50,8.598345587000752,8.833697891138007,0.23535230413725472,2.737181260695868,3.736283185840708,3.768141592920354,0.031858407079646156,0,0.25842857360839844,ok,0.07540416717529297
A,999001,lagrangian,4,main_sweep_AW_eval,G:\我的云端硬盘\paper2_v2_results\main_sweep\township_999001\lagrangian\model_seed4.zip,100,200,200,100,8.598345587000752,9.049702748108295,0.4513571611075431,5.249348918818976,3.736283185840708,3.7380530973451327,0.001769911504424737,0,0.4040334224700928,ok,0.07540416717529297
A,999001,lagrangian,4,main_sweep_AW_eval,G:\我的云端硬盘\paper2_v2_results\main_sweep\township_999001\lagrangian\model_seed4.zip,200,400,400,200,8.598345587000752,9.397469479585219,0.7991238925844666,9.293926191947985,3.736283185840708,3.697345132743363,-0.038938053097345104,0,0.7610595226287842,ok,0.07540416717529297
A,999001,entonly,0,main_sweep_AW_eval,G:\我的云端硬盘\paper2_v2_results\main_sweep\township_999001\entonly\model_seed0.zip,25,50,50,25,8.598345587000752,8.602737858942493,0.004392271941741299,0.05108275652913594,3.736283185840708,3.8584070796460175,0.12212389380530952,0,0.08642768859863281,ok,0.06900930404663086
A,999001,entonly,0,main_sweep_AW_eval,G:\我的云端硬盘\paper2_v2_results\main_sweep\township_999001\entonly\model_seed0.zip,50,100,100,50,8.598345587000752,8.565030537698266,-0.03331504930248563,-0.3874588310669016,3.736283185840708,3.8761061946902653,0.13982300884955734,0,0.18273496627807617,ok,0.06900930404663086
A,999001,entonly,0,main_sweep_AW_eval,G:\我的云端硬盘\paper2_v2_results\main_sweep\township_999001\entonly\model_seed0.zip,100,200,200,100,8.598345587000752,8.608477776609067,0.0101321896083153,0.1178388273161928,3.736283185840708,3.8530973451327433,0.11681415929203531,0,0.357485294342041,ok,0.06900930404663086
A,999001,entonly,0,main_sweep_AW_eval,G:\我的云端硬盘\paper2_v2_results\main_sweep\township_999001\entonly\model_seed0.zip,200,400,400,200,8.598345587000752,8.848454020538686,0.25010843353793355,2.908797175075811,3.736283185840708,3.6920353982300886,-0.044247787610619316,0,0.7019381523132324,ok,0.06900930404663086
A,999001,entonly,1,main_sweep_AW_eval,G:\我的云端硬盘\paper2_v2_results\main_sweep\township_999001\entonly\model_seed1.zip,25,50,50,25,8.598345587000752,8.623018558590788,0.024672971590035786,0.2869502201369663,3.736283185840708,3.8584070796460175,0.12212389380530952,0,0.0825200080871582,ok,0.07106876373291016
A,999001,entonly,1,main_sweep_AW_eval,G:\我的云端硬盘\paper2_v2_results\main_sweep\township_999001\entonly\model_seed1.zip,50,100,100,50,8.598345587000752,8.592510156343918,-0.005835430656834006,-0.06786690064721512,3.736283185840708,3.8920353982300884,0.15575221238938042,0,0.17688632011413574,ok,0.07106876373291016
A,999001,entonly,1,main_sweep_AW_eval,G:\我的云端硬盘\paper2_v2_results\main_sweep\township_999001\entonly\model_seed1.zip,100,200,200,100,8.598345587000752,8.54761907729951,-0.05072650970124215,-0.5899566281440476,3.736283185840708,3.808849557522124,0.072566371681416,0,0.32698512077331543,ok,0.07106876373291016
A,999001,entonly,1,main_sweep_AW_eval,G:\我的云端硬盘\paper2_v2_results\main_sweep\township_999001\entonly\model_seed1.zip,200,400,400,200,8.598345587000752,8.773614881059347,0.17526929405859448,2.038407182930308,3.736283185840708,3.638938053097345,-0.09734513274336276,0,0.7045478820800781,ok,0.07106876373291016
A,999001,entonly,2,main_sweep_AW_eval,G:\我的云端硬盘\paper2_v2_results\main_sweep\township_999001\entonly\model_seed2.zip,25,50,50,25,8.598345587000752,8.584393187639886,-0.013952399360865897,-0.16226841803101716,3.736283185840708,3.8566371681415927,0.12035398230088479,0,0.09411191940307617,ok,0.06583166122436523
A,999001,entonly,2,main_sweep_AW_eval,G:\我的云端硬盘\paper2_v2_results\main_sweep\township_999001\entonly\model_seed2.zip,50,100,100,50,8.598345587000752,8.505290048359976,-0.09305553864077609,-1.0822493431929552,3.736283185840708,3.904424778761062,0.16814159292035402,0,0.18447518348693848,ok,0.06583166122436523
A,999001,entonly,2,main_sweep_AW_eval,G:\我的云端硬盘\paper2_v2_results\main_sweep\township_999001\entonly\model_seed2.zip,100,200,200,100,8.598345587000752,8.551203054811877,-0.04714253218887521,-0.5482744524731218,3.736283185840708,3.863716814159292,0.12743362831858418,0,0.3536491394042969,ok,0.06583166122436523
A,999001,entonly,2,main_sweep_AW_eval,G:\我的云端硬盘\paper2_v2_results\main_sweep\township_999001\entonly\model_seed2.zip,200,400,400,200,8.598345587000752,8.78531536059863,0.18696977359787859,2.1744854484628453,3.736283185840708,3.6761061946902656,-0.060176991150442394,0,0.715383768081665,ok,0.06583166122436523
A,999001,entonly,3,main_sweep_AW_eval,G:\我的云端硬盘\paper2_v2_results\main_sweep\township_999001\entonly\model_seed3.zip,25,50,50,25,8.598345587000752,8.625890852790803,0.027545265790051232,0.32035541618256225,3.736283185840708,3.8601769911504427,0.1238938053097347,0,0.08765745162963867,ok,0.07158660888671875
A,999001,entonly,3,main_sweep_AW_eval,G:\我的云端硬盘\paper2_v2_results\main_sweep\township_999001\entonly\model_seed3.zip,50,100,100,50,8.598345587000752,8.54862432837137,-0.0497212586293827,-0.5782654131110159,3.736283185840708,3.8513274336283185,0.11504424778761058,0,0.17664694786071777,ok,0.07158660888671875
A,999001,entonly,3,main_sweep_AW_eval,G:\我的云端硬盘\paper2_v2_results\main_sweep\township_999001\entonly\model_seed3.zip,100,200,200,100,8.598345587000752,8.51474245421821,-0.08360313278254239,-0.9723164989894826,3.736283185840708,3.775221238938053,0.038938053097345104,0,0.3590528964996338,ok,0.07158660888671875
A,999001,entonly,3,main_sweep_AW_eval,G:\我的云端硬盘\paper2_v2_results\main_sweep\township_999001\entonly\model_seed3.zip,200,400,400,200,8.598345587000752,8.715934375495108,0.11758878849435561,1.3675745793717575,3.736283185840708,3.591150442477876,-0.145132743362832,0,0.7483229637145996,ok,0.07158660888671875
A,999001,entonly,4,main_sweep_AW_eval,G:\我的云端硬盘\paper2_v2_results\main_sweep\township_999001\entonly\model_seed4.zip,25,50,50,25,8.598345587000752,8.691737625854824,0.09339203885407166,1.0861628892337691,3.736283185840708,3.7575221238938052,0.02123893805309729,0,0.08751058578491211,ok,0.07198405265808105
A,999001,entonly,4,main_sweep_AW_eval,G:\我的云端硬盘\paper2_v2_results\main_sweep\township_999001\entonly\model_seed4.zip,50,100,100,50,8.598345587000752,8.825753288507636,0.22740770150688405,2.6447843856228124,3.736283185840708,3.7451327433628316,0.008849557522123686,0,0.19235825538635254,ok,0.07198405265808105
A,999001,entonly,4,main_sweep_AW_eval,G:\我的云端硬盘\paper2_v2_results\main_sweep\township_999001\entonly\model_seed4.zip,100,200,200,100,8.598345587000752,9.042468162134444,0.4441225751336919,5.165209639923409,3.736283185840708,3.713274336283186,-0.023008849557522026,0,0.37151551246643066,ok,0.07198405265808105
A,999001,entonly,4,main_sweep_AW_eval,G:\我的云端硬盘\paper2_v2_results\main_sweep\township_999001\entonly\model_seed4.zip,200,400,400,200,8.598345587000752,9.479468118150944,0.8811225311501918,10.247582191652082,3.736283185840708,3.5469026548672566,-0.1893805309734513,0,0.910351037979126,ok,0.07198405265808105
B,999002,lagrangian,0,main_sweep_AW_retrained,G:\我的云端硬盘\paper2_v2_results\main_sweep_AW\township_999002\lagrangian\model_seed0.zip,25,50,50,25,8.034097726661358,8.062251386189295,0.02815365952793769,0.3504271479609845,2.71971971971972,2.6836836836836837,-0.03603603603603611,0,0.12358570098876953,ok,0.07666134834289551
B,999002,lagrangian,0,main_sweep_AW_retrained,G:\我的云端硬盘\paper2_v2_results\main_sweep_AW\township_999002\lagrangian\model_seed0.zip,50,100,100,50,8.034097726661358,8.099753112200753,0.06565538553939554,0.8172091972632655,2.71971971971972,2.6426426426426426,-0.07707707707707723,0,0.29422664642333984,ok,0.07666134834289551
B,999002,lagrangian,0,main_sweep_AW_retrained,G:\我的云端硬盘\paper2_v2_results\main_sweep_AW\township_999002\lagrangian\model_seed0.zip,100,200,200,100,8.034097726661358,8.221617354323797,0.18751962766243935,2.3340471331354444,2.71971971971972,2.5535535535535536,-0.1661661661661662,0,0.5801675319671631,ok,0.07666134834289551
B,999002,lagrangian,0,main_sweep_AW_retrained,G:\我的云端硬盘\paper2_v2_results\main_sweep_AW\township_999002\lagrangian\model_seed0.zip,200,400,400,200,8.034097726661358,8.540836753862688,0.5067390272013306,6.307354533661001,2.71971971971972,2.3603603603603602,-0.3593593593593596,0,1.150045394897461,ok,0.07666134834289551
B,999002,lagrangian,1,main_sweep_AW_retrained,G:\我的云端硬盘\paper2_v2_results\main_sweep_AW\township_999002\lagrangian\model_seed1.zip,25,50,50,25,8.034097726661358,8.031929758719276,-0.002167967942082072,-0.026984585149961708,2.71971971971972,2.67967967967968,-0.040040040040040026,0,0.15836668014526367,ok,0.08227157592773438
B,999002,lagrangian,1,main_sweep_AW_retrained,G:\我的云端硬盘\paper2_v2_results\main_sweep_AW\township_999002\lagrangian\model_seed1.zip,50,100,100,50,8.034097726661358,8.06335833734621,0.02926061068485275,0.3642053119138776,2.71971971971972,2.6396396396396398,-0.08008008008008005,0,0.30886125564575195,ok,0.08227157592773438
B,999002,lagrangian,1,main_sweep_AW_retrained,G:\我的云端硬盘\paper2_v2_results\main_sweep_AW\township_999002\lagrangian\model_seed1.zip,100,200,200,100,8.034097726661358,8.168851072049641,0.1347533453882832,1.677267939386657,2.71971971971972,2.5605605605605604,-0.15915915915915946,0,0.5764021873474121,ok,0.08227157592773438
B,999002,lagrangian,1,main_sweep_AW_retrained,G:\我的云端硬盘\paper2_v2_results\main_sweep_AW\township_999002\lagrangian\model_seed1.zip,200,400,400,200,8.034097726661358,8.433265881053282,0.39916815439192455,4.968425428374799,2.71971971971972,2.4174174174174174,-0.3023023023023024,0,0.9157819747924805,ok,0.08227157592773438
B,999002,lagrangian,2,main_sweep_AW_retrained,G:\我的云端硬盘\paper2_v2_results\main_sweep_AW\township_999002\lagrangian\model_seed2.zip,25,50,50,25,8.034097726661358,8.064886089693086,0.030788363031728494,0.38322116657302446,2.71971971971972,2.684684684684685,-0.03503503503503502,0,0.1152956485748291,ok,0.0736989974975586
B,999002,lagrangian,2,main_sweep_AW_retrained,G:\我的云端硬盘\paper2_v2_results\main_sweep_AW\township_999002\lagrangian\model_seed2.zip,50,100,100,50,8.034097726661358,8.104126922888035,0.07002919622667747,0.8716497932839901,2.71971971971972,2.6416416416416415,-0.07807807807807832,0,0.2237403392791748,ok,0.0736989974975586
B,999002,lagrangian,2,main_sweep_AW_retrained,G:\我的云端硬盘\paper2_v2_results\main_sweep_AW\township_999002\lagrangian\model_seed2.zip,100,200,200,100,8.034097726661358,8.23110450747308,0.19700678081172285,2.4521332390313204,2.71971971971972,2.5625625625625625,-0.15715715715715728,0,0.44310569763183594,ok,0.0736989974975586
B,999002,lagrangian,2,main_sweep_AW_retrained,G:\我的云端硬盘\paper2_v2_results\main_sweep_AW\township_999002\lagrangian\model_seed2.zip,200,400,400,200,8.034097726661358,8.497477708969447,0.46337998230808886,5.767666738361305,2.71971971971972,2.3823823823823824,-0.3373373373373374,0,0.8950533866882324,ok,0.0736989974975586
B,999002,lagrangian,3,main_sweep_AW_retrained,G:\我的云端硬盘\paper2_v2_results\main_sweep_AW\township_999002\lagrangian\model_seed3.zip,25,50,50,25,8.034097726661358,8.061272436637578,0.027174709976220512,0.33824221338558713,2.71971971971972,2.6826826826826826,-0.0370370370370372,0,0.11340165138244629,ok,0.07735252380371094
B,999002,lagrangian,3,main_sweep_AW_retrained,G:\我的云端硬盘\paper2_v2_results\main_sweep_AW\township_999002\lagrangian\model_seed3.zip,50,100,100,50,8.034097726661358,8.105748481065522,0.07165075440416402,0.8918332442781866,2.71971971971972,2.6446446446446448,-0.07507507507507505,0,0.20103049278259277,ok,0.07735252380371094
B,999002,lagrangian,3,main_sweep_AW_retrained,G:\我的云端硬盘\paper2_v2_results\main_sweep_AW\township_999002\lagrangian\model_seed3.zip,100,200,200,100,8.034097726661358,8.221475094050032,0.18737736738867383,2.3322764268457585,2.71971971971972,2.5535535535535536,-0.1661661661661662,0,0.4340341091156006,ok,0.07735252380371094
B,999002,lagrangian,3,main_sweep_AW_retrained,G:\我的云端硬盘\paper2_v2_results\main_sweep_AW\township_999002\lagrangian\model_seed3.zip,200,400,400,200,8.034097726661358,8.539085982938758,0.5049882562774002,6.285562778276692,2.71971971971972,2.3703703703703702,-0.3493493493493496,0,0.9055440425872803,ok,0.07735252380371094
B,999002,lagrangian,4,main_sweep_AW_retrained,G:\我的云端硬盘\paper2_v2_results\main_sweep_AW\township_999002\lagrangian\model_seed4.zip,25,50,50,25,8.034097726661358,8.061551211069695,0.027453484408336948,0.34171210436278193,2.71971971971972,2.685685685685686,-0.03403403403403393,0,0.11513590812683105,ok,0.07066941261291504
B,999002,lagrangian,4,main_sweep_AW_retrained,G:\我的云端硬盘\paper2_v2_results\main_sweep_AW\township_999002\lagrangian\model_seed4.zip,50,100,100,50,8.034097726661358,8.10440992553674,0.07031219887538143,0.8751723126549557,2.71971971971972,2.645645645645646,-0.07407407407407396,0,0.23795628547668457,ok,0.07066941261291504
B,999002,lagrangian,4,main_sweep_AW_retrained,G:\我的云端硬盘\paper2_v2_results\main_sweep_AW\township_999002\lagrangian\model_seed4.zip,100,200,200,100,8.034097726661358,8.218232193284301,0.1841344666229432,2.291912208285546,2.71971971971972,2.5535535535535536,-0.1661661661661662,0,0.4809694290161133,ok,0.07066941261291504
B,999002,lagrangian,4,main_sweep_AW_retrained,G:\我的云端硬盘\paper2_v2_results\main_sweep_AW\township_999002\lagrangian\model_seed4.zip,200,400,400,200,8.034097726661358,8.548327707066324,0.5142299804049664,6.400594041798634,2.71971971971972,2.3633633633633635,-0.3563563563563563,0,0.9995007514953613,ok,0.07066941261291504
B,999002,entonly,0,main_sweep_AW_retrained,G:\我的云端硬盘\paper2_v2_results\main_sweep_AW\township_999002\entonly\model_seed0.zip,25,50,50,25,8.034097726661358,8.054953257144595,0.02085553048323696,0.2595877121836265,2.71971971971972,2.67967967967968,-0.040040040040040026,0,0.11642861366271973,ok,0.0835878849029541
B,999002,entonly,0,main_sweep_AW_retrained,G:\我的云端硬盘\paper2_v2_results\main_sweep_AW\township_999002\entonly\model_seed0.zip,50,100,100,50,8.034097726661358,8.100047188627876,0.06594946196651819,0.8208695513830161,2.71971971971972,2.640640640640641,-0.07907907907907896,0,0.23751592636108398,ok,0.0835878849029541
B,999002,entonly,0,main_sweep_AW_retrained,G:\我的云端硬盘\paper2_v2_results\main_sweep_AW\township_999002\entonly\model_seed0.zip,100,200,200,100,8.034097726661358,8.222795515902092,0.18869778924073444,2.348711649530177,2.71971971971972,2.5515515515515514,-0.16816816816816837,0,0.4814326763153076,ok,0.0835878849029541
B,999002,entonly,0,main_sweep_AW_retrained,G:\我的云端硬盘\paper2_v2_results\main_sweep_AW\township_999002\entonly\model_seed0.zip,200,400,400,200,8.034097726661358,8.5504165179324,0.5163187912710416,6.42659336290651,2.71971971971972,2.3683683683683685,-0.3513513513513513,0,0.9261701107025146,ok,0.0835878849029541
B,999002,entonly,1,main_sweep_AW_retrained,G:\我的云端硬盘\paper2_v2_results\main_sweep_AW\township_999002\entonly\model_seed1.zip,25,50,50,25,8.034097726661358,8.030291520221338,-0.0038062064400197215,-0.04737565523243174,2.71971971971972,2.675675675675676,-0.04404404404404394,0,0.11658048629760742,ok,0.07308101654052734
B,999002,entonly,1,main_sweep_AW_retrained,G:\我的云端硬盘\paper2_v2_results\main_sweep_AW\township_999002\entonly\model_seed1.zip,50,100,100,50,8.034097726661358,8.073865742760244,0.03976801609888625,0.494990445123851,2.71971971971972,2.6416416416416415,-0.07807807807807832,0,0.21411490440368652,ok,0.07308101654052734
B,999002,entonly,1,main_sweep_AW_retrained,G:\我的云端硬盘\paper2_v2_results\main_sweep_AW\township_999002\entonly\model_seed1.zip,100,200,200,100,8.034097726661358,8.164381286284828,0.1302835596234697,1.6216327465263511,2.71971971971972,2.5605605605605604,-0.15915915915915946,0,0.4648756980895996,ok,0.07308101654052734
B,999002,entonly,1,main_sweep_AW_retrained,G:\我的云端硬盘\paper2_v2_results\main_sweep_AW\township_999002\entonly\model_seed1.zip,200,400,400,200,8.034097726661358,8.450142763069506,0.41604503640814805,5.17849110831067,2.71971971971972,2.4234234234234235,-0.2962962962962963,0,0.9293174743652344,ok,0.07308101654052734
B,999002,entonly,2,main_sweep_AW_retrained,G:\我的云端硬盘\paper2_v2_results\main_sweep_AW\township_999002\entonly\model_seed2.zip,25,50,50,25,8.034097726661358,8.057605797058498,0.0235080703971402,0.2926037396723228,2.71971971971972,2.67967967967968,-0.040040040040040026,0,0.11519479751586914,ok,0.07752609252929688
B,999002,entonly,2,main_sweep_AW_retrained,G:\我的云端硬盘\paper2_v2_results\main_sweep_AW\township_999002\entonly\model_seed2.zip,50,100,100,50,8.034097726661358,8.098413630828155,0.06431590416679711,0.8005367417098145,2.71971971971972,2.6426426426426426,-0.07707707707707723,0,0.24124979972839355,ok,0.07752609252929688
B,999002,entonly,2,main_sweep_AW_retrained,G:\我的云端硬盘\paper2_v2_results\main_sweep_AW\township_999002\entonly\model_seed2.zip,100,200,200,100,8.034097726661358,8.227092087898185,0.19299436123682767,2.4021908595456956,2.71971971971972,2.5535535535535536,-0.1661661661661662,0,0.4548075199127197,ok,0.07752609252929688
B,999002,entonly,2,main_sweep_AW_retrained,G:\我的云端硬盘\paper2_v2_results\main_sweep_AW\township_999002\entonly\model_seed2.zip,200,400,400,200,8.034097726661358,8.513762773345391,0.4796650466840333,5.970366094654944,2.71971971971972,2.3683683683683685,-0.3513513513513513,0,0.9514331817626953,ok,0.07752609252929688
B,999002,entonly,3,main_sweep_AW_retrained,G:\我的云端硬盘\paper2_v2_results\main_sweep_AW\township_999002\entonly\model_seed3.zip,25,50,50,25,8.034097726661358,8.061040228186288,0.02694250152493005,0.335351926769831,2.71971971971972,2.6816816816816815,-0.03803803803803829,0,0.11298036575317383,ok,0.07344889640808105
B,999002,entonly,3,main_sweep_AW_retrained,G:\我的云端硬盘\paper2_v2_results\main_sweep_AW\township_999002\entonly\model_seed3.zip,50,100,100,50,8.034097726661358,8.096191197243245,0.06209347058188719,0.7728742255129463,2.71971971971972,2.645645645645646,-0.07407407407407396,0,0.24845600128173828,ok,0.07344889640808105
B,999002,entonly,3,main_sweep_AW_retrained,G:\我的云端硬盘\paper2_v2_results\main_sweep_AW\township_999002\entonly\model_seed3.zip,100,200,200,100,8.034097726661358,8.21296175182872,0.17886402516736233,2.2263112953405773,2.71971971971972,2.5505505505505504,-0.16916916916916946,0,0.46589207649230957,ok,0.07344889640808105
B,999002,entonly,3,main_sweep_AW_retrained,G:\我的云端硬盘\paper2_v2_results\main_sweep_AW\township_999002\entonly\model_seed3.zip,200,400,400,200,8.034097726661358,8.531575259375966,0.4974775327146084,6.192077189498412,2.71971971971972,2.3603603603603602,-0.3593593593593596,0,1.0737662315368652,ok,0.07344889640808105
B,999002,entonly,4,main_sweep_AW_retrained,G:\我的云端硬盘\paper2_v2_results\main_sweep_AW\township_999002\entonly\model_seed4.zip,25,50,50,25,8.034097726661358,8.051321695411355,0.0172239687499971,0.2143858506082011,2.71971971971972,2.7327327327327327,0.01301301301301283,0,0.1320662498474121,ok,0.07600522041320801
B,999002,entonly,4,main_sweep_AW_retrained,G:\我的云端硬盘\paper2_v2_results\main_sweep_AW\township_999002\entonly\model_seed4.zip,50,100,100,50,8.034097726661358,8.085153620278465,0.05105589361710727,0.6354900743574103,2.71971971971972,2.7417417417417416,0.022022022022021748,0,0.2792973518371582,ok,0.07600522041320801
B,999002,entonly,4,main_sweep_AW_retrained,G:\我的云端硬盘\paper2_v2_results\main_sweep_AW\township_999002\entonly\model_seed4.zip,100,200,200,100,8.034097726661358,8.214268824770258,0.1801710981089002,2.2425803648242644,2.71971971971972,2.7387387387387387,0.019019019019018923,0,0.4931206703186035,ok,0.07600522041320801
B,999002,entonly,4,main_sweep_AW_retrained,G:\我的云端硬盘\paper2_v2_results\main_sweep_AW\township_999002\entonly\model_seed4.zip,200,400,400,200,8.034097726661358,8.60563060472913,0.5715328780677726,7.113840253288508,2.71971971971972,2.74974974974975,0.03003003003003002,0,0.9079785346984863,ok,0.07600522041320801
C,999003,lagrangian,0,main_sweep_AW_eval,G:\我的云端硬盘\paper2_v2_results\main_sweep\township_999003\lagrangian\model_seed0.zip,25,50,50,25,7.233711961739452,7.213836834480112,-0.01987512725933982,-0.2747569624621956,4.440381558028617,4.471383147853736,0.031001589825119247,0,0.18339920043945312,ok,0.09329867362976074
C,999003,lagrangian,0,main_sweep_AW_eval,G:\我的云端硬盘\paper2_v2_results\main_sweep\township_999003\lagrangian\model_seed0.zip,50,100,100,50,7.233711961739452,7.193852954160138,-0.03985900757931393,-0.5510173447620832,4.440381558028617,4.481717011128776,0.04133545310015929,0,0.36403799057006836,ok,0.09329867362976074
C,999003,lagrangian,0,main_sweep_AW_eval,G:\我的云端硬盘\paper2_v2_results\main_sweep\township_999003\lagrangian\model_seed0.zip,100,200,200,100,7.233711961739452,7.181375882819479,-0.05233607891997316,-0.7235023898765826,4.440381558028617,4.508744038155803,0.06836248012718649,0,0.7099664211273193,ok,0.09329867362976074
C,999003,lagrangian,0,main_sweep_AW_eval,G:\我的云端硬盘\paper2_v2_results\main_sweep\township_999003\lagrangian\model_seed0.zip,200,400,400,200,7.233711961739452,7.156060367640025,-0.0776515940994269,-1.0734681517613875,4.440381558028617,4.534181240063593,0.09379968203497668,0,1.6574187278747559,ok,0.09329867362976074
C,999003,lagrangian,1,main_sweep_AW_eval,G:\我的云端硬盘\paper2_v2_results\main_sweep\township_999003\lagrangian\model_seed1.zip,25,50,50,25,7.233711961739452,7.158075322689463,-0.07563663904998918,-1.0456130884122354,4.440381558028617,4.465421303656598,0.02503974562798117,0,0.17231392860412598,ok,0.11029529571533203
C,999003,lagrangian,1,main_sweep_AW_eval,G:\我的云端硬盘\paper2_v2_results\main_sweep\township_999003\lagrangian\model_seed1.zip,50,100,100,50,7.233711961739452,7.092217737672615,-0.14149422406683687,-1.956038957802413,4.440381558028617,4.485691573926868,0.04531001589825134,0,0.3917222023010254,ok,0.11029529571533203
C,999003,lagrangian,1,main_sweep_AW_eval,G:\我的云端硬盘\paper2_v2_results\main_sweep\township_999003\lagrangian\model_seed1.zip,100,200,200,100,7.233711961739452,7.01688328827656,-0.21682867346289214,-2.9974745277354464,4.440381558028617,4.503179650238474,0.06279809220985744,0,0.821246862411499,ok,0.11029529571533203
C,999003,lagrangian,1,main_sweep_AW_eval,G:\我的云端硬盘\paper2_v2_results\main_sweep\township_999003\lagrangian\model_seed1.zip,200,400,400,200,7.233711961739452,6.955828603107893,-0.2778833586315592,-3.8415043355519245,4.440381558028617,4.539745627980922,0.09936406995230573,0,2.0702102184295654,ok,0.11029529571533203
C,999003,lagrangian,2,main_sweep_AW_eval,G:\我的云端硬盘\paper2_v2_results\main_sweep\township_999003\lagrangian\model_seed2.zip,25,50,50,25,7.233711961739452,7.177514321755527,-0.05619763998392546,-0.7768852323836781,4.440381558028617,4.4415739268680445,0.0011923688394279708,0,0.2589147090911865,ok,0.12765240669250488
C,999003,lagrangian,2,main_sweep_AW_eval,G:\我的云端硬盘\paper2_v2_results\main_sweep\township_999003\lagrangian\model_seed2.zip,50,100,100,50,7.233711961739452,7.124936790557535,-0.10877517118191715,-1.5037254974659036,4.440381558028617,4.4383942766295705,-0.001987281399046026,0,0.4559462070465088,ok,0.12765240669250488
C,999003,lagrangian,2,main_sweep_AW_eval,G:\我的云端硬盘\paper2_v2_results\main_sweep\township_999003\lagrangian\model_seed2.zip,100,200,200,100,7.233711961739452,7.07474886852815,-0.15896309321130175,-2.197531420273427,4.440381558028617,4.4415739268680445,0.0011923688394279708,0,0.903170108795166,ok,0.12765240669250488
C,999003,lagrangian,2,main_sweep_AW_eval,G:\我的云端硬盘\paper2_v2_results\main_sweep\township_999003\lagrangian\model_seed2.zip,200,400,400,200,7.233711961739452,7.026714853748879,-0.20699710799057325,-2.861561382115051,4.440381558028617,4.4483306836248016,0.007949125596184992,0,1.691443920135498,ok,0.12765240669250488
C,999003,lagrangian,3,main_sweep_AW_eval,G:\我的云端硬盘\paper2_v2_results\main_sweep\township_999003\lagrangian\model_seed3.zip,25,50,50,25,7.233711961739452,7.158201943849041,-0.07551001789041134,-1.0438626570949867,4.440381558028617,4.46422893481717,0.0238473767885532,0,0.19832968711853027,ok,0.10150361061096191
C,999003,lagrangian,3,main_sweep_AW_eval,G:\我的云端硬盘\paper2_v2_results\main_sweep\township_999003\lagrangian\model_seed3.zip,50,100,100,50,7.233711961739452,7.1134002200556266,-0.12031174168382552,-1.6632089074071288,4.440381558028617,4.490461049284579,0.05007949125596234,0,0.38149237632751465,ok,0.10150361061096191
C,999003,lagrangian,3,main_sweep_AW_eval,G:\我的云端硬盘\paper2_v2_results\main_sweep\township_999003\lagrangian\model_seed3.zip,100,200,200,100,7.233711961739452,7.051892504661756,-0.18181945707769565,-2.5135014780706655,4.440381558028617,4.518680445151033,0.07829888712241662,0,0.7261559963226318,ok,0.10150361061096191
C,999003,lagrangian,3,main_sweep_AW_eval,G:\我的云端硬盘\paper2_v2_results\main_sweep\township_999003\lagrangian\model_seed3.zip,200,400,400,200,7.233711961739452,7.000162246453814,-0.23354971528563784,-3.228628904785385,4.440381558028617,4.56637519872814,0.125993640699523,0,1.5517315864562988,ok,0.10150361061096191
C,999003,lagrangian,4,main_sweep_AW_eval,G:\我的云端硬盘\paper2_v2_results\main_sweep\township_999003\lagrangian\model_seed4.zip,25,50,50,25,7.233711961739452,7.191100203164733,-0.04261175857471944,-0.5890718181771896,4.440381558028617,4.466613672496026,0.02623211446740914,0,0.19199156761169434,ok,0.10191702842712402
C,999003,lagrangian,4,main_sweep_AW_eval,G:\我的云端硬盘\paper2_v2_results\main_sweep\township_999003\lagrangian\model_seed4.zip,50,100,100,50,7.233711961739452,7.1201542869944925,-0.11355767474495959,-1.5698395975066304,4.440381558028617,4.46939586645469,0.02901430842607322,0,0.4111135005950928,ok,0.10191702842712402
C,999003,lagrangian,4,main_sweep_AW_eval,G:\我的云端硬盘\paper2_v2_results\main_sweep\township_999003\lagrangian\model_seed4.zip,100,200,200,100,7.233711961739452,7.0469675110416095,-0.18674445069784262,-2.5815853836256037,4.440381558028617,4.468998410174881,0.028616852146264193,0,0.8234438896179199,ok,0.10191702842712402
C,999003,lagrangian,4,main_sweep_AW_eval,G:\我的云端硬盘\paper2_v2_results\main_sweep\township_999003\lagrangian\model_seed4.zip,200,400,400,200,7.233711961739452,7.00842731813032,-0.22528464360913247,-3.11437122186656,4.440381558028617,4.486089030206677,0.04570747217806037,0,1.7763888835906982,ok,0.10191702842712402
C,999003,entonly,0,main_sweep_AW_eval,G:\我的云端硬盘\paper2_v2_results\main_sweep\township_999003\entonly\model_seed0.zip,25,50,50,25,7.233711961739452,7.206997967387588,-0.026713994351863946,-0.36929856335391287,4.440381558028617,4.466216216216216,0.025834658187599224,0,0.22243833541870117,ok,0.10947203636169434
C,999003,entonly,0,main_sweep_AW_eval,G:\我的云端硬盘\paper2_v2_results\main_sweep\township_999003\entonly\model_seed0.zip,50,100,100,50,7.233711961739452,7.183465215052131,-0.05024674668732132,-0.6946191243594769,4.440381558028617,4.476550079491256,0.03616852146263927,0,0.49317049980163574,ok,0.10947203636169434
C,999003,entonly,0,main_sweep_AW_eval,G:\我的云端硬盘\paper2_v2_results\main_sweep\township_999003\entonly\model_seed0.zip,100,200,200,100,7.233711961739452,7.137694187331663,-0.09601777440778925,-1.3273651883797204,4.440381558028617,4.502384737678855,0.062003179650238494,0,0.9300014972686768,ok,0.10947203636169434
C,999003,entonly,0,main_sweep_AW_eval,G:\我的云端硬盘\paper2_v2_results\main_sweep\township_999003\entonly\model_seed0.zip,200,400,400,200,7.233711961739452,7.134020786662461,-0.0996911750769911,-1.3781468712644027,4.440381558028617,4.525039745627981,0.08465818759936461,0,3.0754518508911133,ok,0.10947203636169434
C,999003,entonly,1,main_sweep_AW_eval,G:\我的云端硬盘\paper2_v2_results\main_sweep\township_999003\entonly\model_seed1.zip,25,50,50,25,7.233711961739452,7.164101623131247,-0.06961033860820542,-0.962304539859873,4.440381558028617,4.451112877583466,0.010731319554849073,0,0.2584545612335205,ok,0.11650705337524414
C,999003,entonly,1,main_sweep_AW_eval,G:\我的云端硬盘\paper2_v2_results\main_sweep\township_999003\entonly\model_seed1.zip,50,100,100,50,7.233711961739452,7.0709458901330455,-0.16276607160640655,-2.250104406524739,4.440381558028617,4.460254372019078,0.019872813990461147,0,0.49610257148742676,ok,0.11650705337524414
C,999003,entonly,1,main_sweep_AW_eval,G:\我的云端硬盘\paper2_v2_results\main_sweep\township_999003\entonly\model_seed1.zip,100,200,200,100,7.233711961739452,6.992999906480158,-0.2407120552592943,-3.327642246919264,4.440381558028617,4.476947535771065,0.0365659777424483,0,0.9779171943664551,ok,0.11650705337524414
C,999003,entonly,1,main_sweep_AW_eval,G:\我的云端硬盘\paper2_v2_results\main_sweep\township_999003\entonly\model_seed1.zip,200,400,400,200,7.233711961739452,6.911840138906925,-0.32187182283252724,-4.449607954186891,4.440381558028617,4.487678855325914,0.04729729729729737,0,1.8472208976745605,ok,0.11650705337524414
C,999003,entonly,2,main_sweep_AW_eval,G:\我的云端硬盘\paper2_v2_results\main_sweep\township_999003\entonly\model_seed2.zip,25,50,50,25,7.233711961739452,7.171363096389185,-0.06234886535026707,-0.8619207632269943,4.440381558028617,4.454689984101749,0.014308426073132097,0,0.22679662704467773,ok,0.11737918853759766
C,999003,entonly,2,main_sweep_AW_eval,G:\我的云端硬盘\paper2_v2_results\main_sweep\township_999003\entonly\model_seed2.zip,50,100,100,50,7.233711961739452,7.136791167141908,-0.0969207945975441,-1.3398486850206028,4.440381558028617,4.468998410174881,0.028616852146264193,0,0.4753844738006592,ok,0.11737918853759766
C,999003,entonly,2,main_sweep_AW_eval,G:\我的云端硬盘\paper2_v2_results\main_sweep\township_999003\entonly\model_seed2.zip,100,200,200,100,7.233711961739452,7.110907967210086,-0.12280399452936575,-1.6976622124146028,4.440381558028617,4.511923688394277,0.07154213036566048,0,0.9277431964874268,ok,0.11737918853759766
C,999003,entonly,2,main_sweep_AW_eval,G:\我的云端硬盘\paper2_v2_results\main_sweep\township_999003\entonly\model_seed2.zip,200,400,400,200,7.233711961739452,7.098178464553713,-0.13553349718573937,-1.8736369087213192,4.440381558028617,4.533783783783784,0.09340222575516766,0,1.7193100452423096,ok,0.11737918853759766
C,999003,entonly,3,main_sweep_AW_eval,G:\我的云端硬盘\paper2_v2_results\main_sweep\township_999003\entonly\model_seed3.zip,25,50,50,25,7.233711961739452,7.242845930259728,0.009133968520275815,0.12626945292523672,4.440381558028617,4.482909379968204,0.04252782193958726,0,0.18315625190734863,ok,0.10268735885620117
C,999003,entonly,3,main_sweep_AW_eval,G:\我的云端硬盘\paper2_v2_results\main_sweep\township_999003\entonly\model_seed3.zip,50,100,100,50,7.233711961739452,7.252731835199668,0.019019873460216274,0.262933796103801,4.440381558028617,4.511923688394277,0.07154213036566048,0,0.4149594306945801,ok,0.10268735885620117
C,999003,entonly,3,main_sweep_AW_eval,G:\我的云端硬盘\paper2_v2_results\main_sweep\township_999003\entonly\model_seed3.zip,100,200,200,100,7.233711961739452,7.297111531262825,0.06339956952337289,0.8764458670556124,4.440381558028617,4.5604133545310015,0.12003179650238494,0,0.8421061038970947,ok,0.10268735885620117
C,999003,entonly,3,main_sweep_AW_eval,G:\我的云端硬盘\paper2_v2_results\main_sweep\township_999003\entonly\model_seed3.zip,200,400,400,200,7.233711961739452,7.374792888684998,0.14108092694554575,1.9503254717875271,4.440381558028617,4.597376788553259,0.15699523052464226,0,2.3203234672546387,ok,0.10268735885620117
C,999003,entonly,4,main_sweep_AW_eval,G:\我的云端硬盘\paper2_v2_results\main_sweep\township_999003\entonly\model_seed4.zip,25,50,50,25,7.233711961739452,7.194721888546278,-0.03899007319317427,-0.5390050557639087,4.440381558028617,4.471383147853736,0.031001589825119247,0,0.5412063598632812,ok,0.31682515144348145
C,999003,entonly,4,main_sweep_AW_eval,G:\我的云端硬盘\paper2_v2_results\main_sweep\township_999003\entonly\model_seed4.zip,50,100,100,50,7.233711961739452,7.16253214140111,-0.07117982033834203,-0.9840013082470842,4.440381558028617,4.484499205087441,0.04411764705882426,0,0.6816496849060059,ok,0.31682515144348145
C,999003,entonly,4,main_sweep_AW_eval,G:\我的云端硬盘\paper2_v2_results\main_sweep\township_999003\entonly\model_seed4.zip,100,200,200,100,7.233711961739452,7.094195082415384,-0.1395168793240682,-1.9287038253942215,4.440381558028617,4.49006359300477,0.04968203497615331,0,1.0860774517059326,ok,0.31682515144348145
C,999003,entonly,4,main_sweep_AW_eval,G:\我的云端硬盘\paper2_v2_results\main_sweep\township_999003\entonly\model_seed4.zip,200,400,400,200,7.233711961739452,7.060377567041,-0.17333439469845224,-2.396202608221788,4.440381558028617,4.515898251192369,0.07551669316375254,0,1.8858532905578613,ok,0.31682515144348145
