lambda_cont,top_k,budget_pairs,init_slope,final_slope,slope_change_pct,init_cont,final_cont,cont_change,completed_pairs,farmland_change,lookahead_candidates_evaluated,mean_first_score,mean_second_score,elapsed_seconds,region,code,method
0.0,5,100,8.598345587000752,7.768114547466232,-9.655706800034757,3.736283185840708,3.1876106194690266,-0.5486725663716814,100,0,500,0.0009655706800033634,0.000911596134558257,15.759638786315918,A,999001,two_step_lookahead
0.5,5,100,8.598345587000752,8.092877728769194,-5.878664135060357,3.736283185840708,3.725663716814159,-0.010619469026548867,100,0,500,0.0005736551392283773,0.0005342473757702484,16.638067483901978,A,999001,two_step_lookahead
1.0,5,100,8.598345587000752,8.526870673406444,-0.8312635596127472,3.736283185840708,3.9911504424778763,0.25486725663716836,100,0,500,0.0007652675212855739,0.0007321898813541957,16.27320122718811,A,999001,two_step_lookahead
0.0,5,100,8.034097726661358,7.420067008468955,-7.642808677254776,2.71971971971972,2.5465465465465464,-0.17317317317317338,100,0,500,0.0007642808677253824,0.000734891310588828,36.97225475311279,B,999002,two_step_lookahead
0.5,5,100,8.034097726661358,7.536724071902595,-6.190784225940086,2.71971971971972,2.7267267267267266,0.007007007007006738,100,0,500,0.0006319602775810444,0.0006087347939110796,36.11844062805176,B,999002,two_step_lookahead
1.0,5,100,8.034097726661358,7.863641903580291,-2.121654837672747,2.71971971971972,2.8578578578578577,0.1381381381381379,100,0,500,0.0007200786232591476,0.0006994187300696339,39.29046964645386,B,999002,two_step_lookahead
0.0,5,100,7.233711961739452,6.809008359773407,-5.871171042092735,4.440381558028617,4.279014308426073,-0.16136724960254334,100,0,500,0.0005871171042091924,0.0005630946155660021,118.6429033279419,C,999003,two_step_lookahead
0.5,5,100,7.233711961739452,6.865483164242278,-5.090454243199204,4.440381558028617,4.414149443561208,-0.026232114467408252,100,0,500,0.00047950729327796653,0.0004595179910120288,132.08487629890442,C,999003,two_step_lookahead
1.0,5,100,7.233711961739452,7.028906940057809,-2.831257627686839,4.440381558028617,4.547694753577106,0.10731319554848984,100,0,500,0.0005248013803840579,0.0005054227386475962,89.13196611404419,C,999003,two_step_lookahead
