region,lambda_cont,top_k,one_step_slope_pct,lookahead_slope_pct,lookahead_minus_one_step_slope_pp,one_step_cont_change,lookahead_cont_change,lookahead_minus_one_step_cont,completed_pairs,elapsed_seconds
A,0.0,5,-9.655706800034755,-9.655706800034757,-1.7763568394002505e-15,-0.5486725663716814,-0.5486725663716814,0.0,100,15.759638786315918
A,0.5,5,-5.926673557454374,-5.878664135060357,0.048009422394017065,-0.0141592920353983,-0.010619469026548867,0.0035398230088494326,100,16.638067483901978
A,1.0,5,-0.9104666767963154,-0.8312635596127472,0.0792031171835682,0.2495575221238937,0.25486725663716836,0.005309734513274655,100,16.27320122718811
B,0.0,5,-7.642825734248495,-7.642808677254776,1.7056993718789215e-05,-0.1741741741741744,-0.17317317317317338,0.001001001001001034,100,36.97225475311279
B,0.5,5,-6.185627141347066,-6.190784225940086,-0.0051570845930202225,0.005005005005005,0.007007007007006738,0.0020020020020017383,100,36.11844062805176
B,1.0,5,-1.9675748567535143,-2.121654837672747,-0.1540799809192328,0.1411411411411411,0.1381381381381379,-0.003003003003003185,100,39.29046964645386
C,0.0,5,-5.871171042092735,-5.871171042092735,0.0,-0.1613672496025433,-0.16136724960254334,-2.7755575615628914e-17,100,118.6429033279419
C,0.5,5,-5.086120419707747,-5.090454243199204,-0.004333823491457167,-0.0258346581875992,-0.026232114467408252,-0.0003974562798090518,100,132.08487629890442
C,1.0,5,-2.831257627686839,-2.831257627686839,0.0,0.1073131955484898,0.10731319554848984,4.163336342344337e-17,100,89.13196611404419
